"cluster_set","featset","focgene","subtype","accuracy"
"70_7","cds_compbias","HA","H10N8",0
"70_7","cds_compbias","HA","H16N3",0.90188679245283
"70_7","cds_compbias","HA","H3N8",0
"70_7","cds_compbias","HA","H4N6",0.587687902648533
"70_7","cds_compbias","HA","H4N8",1
"70_7","cds_compbias","HA","H5N1",0.992700729927007
"70_7","cds_compbias","HA","H5N6",1
"70_7","cds_compbias","HA","H7N3",0.5
"70_7","cds_compbias","HA","H7N4",1
"70_7","cds_compbias","HA","H7N7",1
"70_7","cds_compbias","HA","H7N9",0.790178571428571
"70_7","cds_compbias","HA","H8N4",0.256578947368421
"70_7","cds_compbias","HA","H9N2",0.538461538461538
"70_7","nuc_2mer","HA","H10N8",0
"70_7","nuc_2mer","HA","H16N3",0.411320754716981
"70_7","nuc_2mer","HA","H3N8",0
"70_7","nuc_2mer","HA","H4N6",0.902648532569792
"70_7","nuc_2mer","HA","H4N8",0.949579831932773
"70_7","nuc_2mer","HA","H5N1",0.321167883211679
"70_7","nuc_2mer","HA","H5N6",0.333333333333333
"70_7","nuc_2mer","HA","H7N3",0
"70_7","nuc_2mer","HA","H7N4",1
"70_7","nuc_2mer","HA","H7N7",1
"70_7","nuc_2mer","HA","H7N9",1
"70_7","nuc_2mer","HA","H8N4",0.440789473684211
"70_7","nuc_2mer","HA","H9N2",0.153846153846154
"70_7","nuc_3mer","HA","H10N8",0
"70_7","nuc_3mer","HA","H16N3",0.924528301886792
"70_7","nuc_3mer","HA","H3N8",0
"70_7","nuc_3mer","HA","H4N6",0.912670007158196
"70_7","nuc_3mer","HA","H4N8",1
"70_7","nuc_3mer","HA","H5N1",0.766423357664234
"70_7","nuc_3mer","HA","H5N6",1
"70_7","nuc_3mer","HA","H7N3",0
"70_7","nuc_3mer","HA","H7N4",0
"70_7","nuc_3mer","HA","H7N7",1
"70_7","nuc_3mer","HA","H7N9",1
"70_7","nuc_3mer","HA","H8N4",0.796052631578947
"70_7","nuc_3mer","HA","H9N2",0
"70_7","nuc_4mer","HA","H10N8",1
"70_7","nuc_4mer","HA","H16N3",0.679245283018868
"70_7","nuc_4mer","HA","H3N8",1
"70_7","nuc_4mer","HA","H4N6",0.542591267000716
"70_7","nuc_4mer","HA","H4N8",0.26890756302521
"70_7","nuc_4mer","HA","H5N1",1
"70_7","nuc_4mer","HA","H5N6",1
"70_7","nuc_4mer","HA","H7N3",1
"70_7","nuc_4mer","HA","H7N4",1
"70_7","nuc_4mer","HA","H7N7",1
"70_7","nuc_4mer","HA","H7N9",0.622767857142857
"70_7","nuc_4mer","HA","H8N4",0.164473684210526
"70_7","nuc_4mer","HA","H9N2",0.769230769230769
"70_7","nuc_5mer","HA","H10N8",1
"70_7","nuc_5mer","HA","H16N3",0.879245283018868
"70_7","nuc_5mer","HA","H3N8",0
"70_7","nuc_5mer","HA","H4N6",0.932712956335004
"70_7","nuc_5mer","HA","H4N8",0.777310924369748
"70_7","nuc_5mer","HA","H5N1",0.700729927007299
"70_7","nuc_5mer","HA","H5N6",0.916666666666667
"70_7","nuc_5mer","HA","H7N3",0
"70_7","nuc_5mer","HA","H7N4",1
"70_7","nuc_5mer","HA","H7N7",1
"70_7","nuc_5mer","HA","H7N9",1
"70_7","nuc_5mer","HA","H8N4",0.572368421052632
"70_7","nuc_5mer","HA","H9N2",0.0769230769230769
"70_7","nuc_6mer","HA","H10N8",0
"70_7","nuc_6mer","HA","H16N3",0.577358490566038
"70_7","nuc_6mer","HA","H3N8",0
"70_7","nuc_6mer","HA","H4N6",0.911954187544739
"70_7","nuc_6mer","HA","H4N8",0.907563025210084
"70_7","nuc_6mer","HA","H5N1",0.978102189781022
"70_7","nuc_6mer","HA","H5N6",0.916666666666667
"70_7","nuc_6mer","HA","H7N3",0.5
"70_7","nuc_6mer","HA","H7N4",1
"70_7","nuc_6mer","HA","H7N7",1
"70_7","nuc_6mer","HA","H7N9",0.779017857142857
"70_7","nuc_6mer","HA","H8N4",0.506578947368421
"70_7","nuc_6mer","HA","H9N2",0.615384615384615
"70_7","prot_2mer","HA","H10N8",0
"70_7","prot_2mer","HA","H16N3",0
"70_7","prot_2mer","HA","H3N8",0
"70_7","prot_2mer","HA","H4N6",0.829634931997137
"70_7","prot_2mer","HA","H4N8",0.995798319327731
"70_7","prot_2mer","HA","H5N1",0.854014598540146
"70_7","prot_2mer","HA","H5N6",1
"70_7","prot_2mer","HA","H7N3",0.5
"70_7","prot_2mer","HA","H7N4",1
"70_7","prot_2mer","HA","H7N7",1
"70_7","prot_2mer","HA","H7N9",0.225446428571429
"70_7","prot_2mer","HA","H8N4",0.440789473684211
"70_7","prot_2mer","HA","H9N2",0.461538461538462
"70_7","prot_ctdc","HA","H10N8",1
"70_7","prot_ctdc","HA","H16N3",0.988679245283019
"70_7","prot_ctdc","HA","H3N8",0
"70_7","prot_ctdc","HA","H4N6",0.950608446671439
"70_7","prot_ctdc","HA","H4N8",0.987394957983193
"70_7","prot_ctdc","HA","H5N1",0.54014598540146
"70_7","prot_ctdc","HA","H5N6",1
"70_7","prot_ctdc","HA","H7N3",1
"70_7","prot_ctdc","HA","H7N4",1
"70_7","prot_ctdc","HA","H7N7",1
"70_7","prot_ctdc","HA","H7N9",1
"70_7","prot_ctdc","HA","H8N4",0.815789473684211
"70_7","prot_ctdc","HA","H9N2",0.230769230769231
"70_7","prot_ctdd","HA","H10N8",1
"70_7","prot_ctdd","HA","H16N3",0.879245283018868
"70_7","prot_ctdd","HA","H3N8",0.5
"70_7","prot_ctdd","HA","H4N6",0.937723693629205
"70_7","prot_ctdd","HA","H4N8",0.983193277310924
"70_7","prot_ctdd","HA","H5N1",0.81021897810219
"70_7","prot_ctdd","HA","H5N6",1
"70_7","prot_ctdd","HA","H7N3",1
"70_7","prot_ctdd","HA","H7N4",1
"70_7","prot_ctdd","HA","H7N7",1
"70_7","prot_ctdd","HA","H7N9",0.946428571428571
"70_7","prot_ctdd","HA","H8N4",0.934210526315789
"70_7","prot_ctdd","HA","H9N2",0.0769230769230769
"70_7","prot_ctdt","HA","H10N8",0
"70_7","prot_ctdt","HA","H16N3",0.988679245283019
"70_7","prot_ctdt","HA","H3N8",0
"70_7","prot_ctdt","HA","H4N6",0.950608446671439
"70_7","prot_ctdt","HA","H4N8",0.995798319327731
"70_7","prot_ctdt","HA","H5N1",0.503649635036496
"70_7","prot_ctdt","HA","H5N6",1
"70_7","prot_ctdt","HA","H7N3",1
"70_7","prot_ctdt","HA","H7N4",1
"70_7","prot_ctdt","HA","H7N7",1
"70_7","prot_ctdt","HA","H7N9",1
"70_7","prot_ctdt","HA","H8N4",0.947368421052632
"70_7","prot_ctdt","HA","H9N2",0
"70_7","prot_ctriad","HA","H10N8",1
"70_7","prot_ctriad","HA","H16N3",0.309433962264151
"70_7","prot_ctriad","HA","H3N8",0
"70_7","prot_ctriad","HA","H4N6",0.52755905511811
"70_7","prot_ctriad","HA","H4N8",0.46218487394958
"70_7","prot_ctriad","HA","H5N1",0.846715328467153
"70_7","prot_ctriad","HA","H5N6",1
"70_7","prot_ctriad","HA","H7N3",1
"70_7","prot_ctriad","HA","H7N4",1
"70_7","prot_ctriad","HA","H7N7",1
"70_7","prot_ctriad","HA","H7N9",0.857142857142857
"70_7","prot_ctriad","HA","H8N4",0
"70_7","prot_ctriad","HA","H9N2",0.461538461538462
"70_7","prot_pseaac","HA","H10N8",0
"70_7","prot_pseaac","HA","H16N3",1
"70_7","prot_pseaac","HA","H3N8",0
"70_7","prot_pseaac","HA","H4N6",0.993557623478883
"70_7","prot_pseaac","HA","H4N8",0.995798319327731
"70_7","prot_pseaac","HA","H5N1",0.503649635036496
"70_7","prot_pseaac","HA","H5N6",1
"70_7","prot_pseaac","HA","H7N3",0.5
"70_7","prot_pseaac","HA","H7N4",1
"70_7","prot_pseaac","HA","H7N7",1
"70_7","prot_pseaac","HA","H7N9",1
"70_7","prot_pseaac","HA","H8N4",0.605263157894737
"70_7","prot_pseaac","HA","H9N2",0
"70_7","cds_compbias","M1","H10N8",1
"70_7","cds_compbias","M1","H16N3",0.962264150943396
"70_7","cds_compbias","M1","H3N8",1
"70_7","cds_compbias","M1","H4N6",0.937723693629205
"70_7","cds_compbias","M1","H4N8",0.970588235294118
"70_7","cds_compbias","M1","H5N1",0.0145985401459854
"70_7","cds_compbias","M1","H5N6",1
"70_7","cds_compbias","M1","H7N3",0
"70_7","cds_compbias","M1","H7N4",0
"70_7","cds_compbias","M1","H7N7",0
"70_7","cds_compbias","M1","H7N9",0.96875
"70_7","cds_compbias","M1","H8N4",0.947368421052632
"70_7","cds_compbias","M1","H9N2",0.692307692307692
"70_7","nuc_2mer","M1","H10N8",1
"70_7","nuc_2mer","M1","H16N3",0.70188679245283
"70_7","nuc_2mer","M1","H3N8",1
"70_7","nuc_2mer","M1","H4N6",0.936292054402291
"70_7","nuc_2mer","M1","H4N8",0.794117647058823
"70_7","nuc_2mer","M1","H5N1",0.474452554744526
"70_7","nuc_2mer","M1","H5N6",0.833333333333333
"70_7","nuc_2mer","M1","H7N3",0
"70_7","nuc_2mer","M1","H7N4",0
"70_7","nuc_2mer","M1","H7N7",0
"70_7","nuc_2mer","M1","H7N9",1
"70_7","nuc_2mer","M1","H8N4",0.769736842105263
"70_7","nuc_2mer","M1","H9N2",0.769230769230769
"70_7","nuc_3mer","M1","H10N8",1
"70_7","nuc_3mer","M1","H16N3",0.973584905660377
"70_7","nuc_3mer","M1","H3N8",0.5
"70_7","nuc_3mer","M1","H4N6",0.951324266284896
"70_7","nuc_3mer","M1","H4N8",0.991596638655462
"70_7","nuc_3mer","M1","H5N1",0
"70_7","nuc_3mer","M1","H5N6",0.833333333333333
"70_7","nuc_3mer","M1","H7N3",0
"70_7","nuc_3mer","M1","H7N4",0
"70_7","nuc_3mer","M1","H7N7",0
"70_7","nuc_3mer","M1","H7N9",1
"70_7","nuc_3mer","M1","H8N4",0.980263157894737
"70_7","nuc_3mer","M1","H9N2",0.846153846153846
"70_7","nuc_4mer","M1","H10N8",0
"70_7","nuc_4mer","M1","H16N3",0.743396226415094
"70_7","nuc_4mer","M1","H3N8",1
"70_7","nuc_4mer","M1","H4N6",0.745168217609163
"70_7","nuc_4mer","M1","H4N8",0.894957983193277
"70_7","nuc_4mer","M1","H5N1",0.0218978102189781
"70_7","nuc_4mer","M1","H5N6",0.916666666666667
"70_7","nuc_4mer","M1","H7N3",0
"70_7","nuc_4mer","M1","H7N4",0
"70_7","nuc_4mer","M1","H7N7",0
"70_7","nuc_4mer","M1","H7N9",0.910714285714286
"70_7","nuc_4mer","M1","H8N4",0.907894736842105
"70_7","nuc_4mer","M1","H9N2",0.769230769230769
"70_7","nuc_5mer","M1","H10N8",1
"70_7","nuc_5mer","M1","H16N3",0.184905660377358
"70_7","nuc_5mer","M1","H3N8",1
"70_7","nuc_5mer","M1","H4N6",0.854688618468146
"70_7","nuc_5mer","M1","H4N8",0.899159663865546
"70_7","nuc_5mer","M1","H5N1",0.0802919708029197
"70_7","nuc_5mer","M1","H5N6",0.916666666666667
"70_7","nuc_5mer","M1","H7N3",0
"70_7","nuc_5mer","M1","H7N4",0
"70_7","nuc_5mer","M1","H7N7",0
"70_7","nuc_5mer","M1","H7N9",0.90625
"70_7","nuc_5mer","M1","H8N4",0.921052631578947
"70_7","nuc_5mer","M1","H9N2",0.846153846153846
"70_7","nuc_6mer","M1","H10N8",1
"70_7","nuc_6mer","M1","H16N3",0.543396226415094
"70_7","nuc_6mer","M1","H3N8",1
"70_7","nuc_6mer","M1","H4N6",0.672870436649964
"70_7","nuc_6mer","M1","H4N8",0.57563025210084
"70_7","nuc_6mer","M1","H5N1",0.233576642335766
"70_7","nuc_6mer","M1","H5N6",1
"70_7","nuc_6mer","M1","H7N3",0.5
"70_7","nuc_6mer","M1","H7N4",0
"70_7","nuc_6mer","M1","H7N7",0
"70_7","nuc_6mer","M1","H7N9",0.850446428571429
"70_7","nuc_6mer","M1","H8N4",0.585526315789474
"70_7","nuc_6mer","M1","H9N2",0.923076923076923
"70_7","prot_2mer","M1","H10N8",1
"70_7","prot_2mer","M1","H16N3",0.977358490566038
"70_7","prot_2mer","M1","H3N8",1
"70_7","prot_2mer","M1","H4N6",0.935576234788833
"70_7","prot_2mer","M1","H4N8",0.945378151260504
"70_7","prot_2mer","M1","H5N1",0.985401459854015
"70_7","prot_2mer","M1","H5N6",1
"70_7","prot_2mer","M1","H7N3",0.5
"70_7","prot_2mer","M1","H7N4",0
"70_7","prot_2mer","M1","H7N7",0
"70_7","prot_2mer","M1","H7N9",0.966517857142857
"70_7","prot_2mer","M1","H8N4",0.940789473684211
"70_7","prot_2mer","M1","H9N2",1
"70_7","prot_ctdc","M1","H10N8",1
"70_7","prot_ctdc","M1","H16N3",0.988679245283019
"70_7","prot_ctdc","M1","H3N8",1
"70_7","prot_ctdc","M1","H4N6",0.951324266284896
"70_7","prot_ctdc","M1","H4N8",0.991596638655462
"70_7","prot_ctdc","M1","H5N1",0.978102189781022
"70_7","prot_ctdc","M1","H5N6",0.833333333333333
"70_7","prot_ctdc","M1","H7N3",0
"70_7","prot_ctdc","M1","H7N4",0
"70_7","prot_ctdc","M1","H7N7",0
"70_7","prot_ctdc","M1","H7N9",1
"70_7","prot_ctdc","M1","H8N4",0.947368421052632
"70_7","prot_ctdc","M1","H9N2",0.692307692307692
"70_7","prot_ctdd","M1","H10N8",1
"70_7","prot_ctdd","M1","H16N3",0.988679245283019
"70_7","prot_ctdd","M1","H3N8",1
"70_7","prot_ctdd","M1","H4N6",0.947029348604152
"70_7","prot_ctdd","M1","H4N8",0.987394957983193
"70_7","prot_ctdd","M1","H5N1",0.89051094890511
"70_7","prot_ctdd","M1","H5N6",1
"70_7","prot_ctdd","M1","H7N3",0
"70_7","prot_ctdd","M1","H7N4",1
"70_7","prot_ctdd","M1","H7N7",0
"70_7","prot_ctdd","M1","H7N9",0.912946428571429
"70_7","prot_ctdd","M1","H8N4",0.881578947368421
"70_7","prot_ctdd","M1","H9N2",0.846153846153846
"70_7","prot_ctdt","M1","H10N8",1
"70_7","prot_ctdt","M1","H16N3",0.988679245283019
"70_7","prot_ctdt","M1","H3N8",1
"70_7","prot_ctdt","M1","H4N6",0.952040085898354
"70_7","prot_ctdt","M1","H4N8",0.983193277310924
"70_7","prot_ctdt","M1","H5N1",0.547445255474453
"70_7","prot_ctdt","M1","H5N6",0.833333333333333
"70_7","prot_ctdt","M1","H7N3",0
"70_7","prot_ctdt","M1","H7N4",0
"70_7","prot_ctdt","M1","H7N7",0
"70_7","prot_ctdt","M1","H7N9",1
"70_7","prot_ctdt","M1","H8N4",0.927631578947368
"70_7","prot_ctdt","M1","H9N2",0.692307692307692
"70_7","prot_ctriad","M1","H10N8",1
"70_7","prot_ctriad","M1","H16N3",0.984905660377358
"70_7","prot_ctriad","M1","H3N8",1
"70_7","prot_ctriad","M1","H4N6",0.949176807444524
"70_7","prot_ctriad","M1","H4N8",0.957983193277311
"70_7","prot_ctriad","M1","H5N1",0.642335766423358
"70_7","prot_ctriad","M1","H5N6",0.833333333333333
"70_7","prot_ctriad","M1","H7N3",0
"70_7","prot_ctriad","M1","H7N4",0
"70_7","prot_ctriad","M1","H7N7",0
"70_7","prot_ctriad","M1","H7N9",0.946428571428571
"70_7","prot_ctriad","M1","H8N4",0.940789473684211
"70_7","prot_ctriad","M1","H9N2",0.846153846153846
"70_7","prot_pseaac","M1","H10N8",1
"70_7","prot_pseaac","M1","H16N3",0.99622641509434
"70_7","prot_pseaac","M1","H3N8",1
"70_7","prot_pseaac","M1","H4N6",0.949176807444524
"70_7","prot_pseaac","M1","H4N8",1
"70_7","prot_pseaac","M1","H5N1",0.364963503649635
"70_7","prot_pseaac","M1","H5N6",0.833333333333333
"70_7","prot_pseaac","M1","H7N3",0
"70_7","prot_pseaac","M1","H7N4",0
"70_7","prot_pseaac","M1","H7N7",0
"70_7","prot_pseaac","M1","H7N9",0.966517857142857
"70_7","prot_pseaac","M1","H8N4",0.947368421052632
"70_7","prot_pseaac","M1","H9N2",1
"70_7","cds_compbias","NA","H10N8",1
"70_7","cds_compbias","NA","H16N3",0
"70_7","cds_compbias","NA","H3N8",0
"70_7","cds_compbias","NA","H4N6",0
"70_7","cds_compbias","NA","H4N8",0.256302521008403
"70_7","cds_compbias","NA","H5N1",1
"70_7","cds_compbias","NA","H5N6",0.833333333333333
"70_7","cds_compbias","NA","H7N3",0
"70_7","cds_compbias","NA","H7N4",1
"70_7","cds_compbias","NA","H7N7",0
"70_7","cds_compbias","NA","H7N9",0.912946428571429
"70_7","cds_compbias","NA","H8N4",0.00657894736842105
"70_7","cds_compbias","NA","H9N2",0.538461538461538
"70_7","nuc_2mer","NA","H10N8",0
"70_7","nuc_2mer","NA","H16N3",0
"70_7","nuc_2mer","NA","H3N8",0
"70_7","nuc_2mer","NA","H4N6",0.0493915533285612
"70_7","nuc_2mer","NA","H4N8",0
"70_7","nuc_2mer","NA","H5N1",0.948905109489051
"70_7","nuc_2mer","NA","H5N6",1
"70_7","nuc_2mer","NA","H7N3",0.5
"70_7","nuc_2mer","NA","H7N4",1
"70_7","nuc_2mer","NA","H7N7",1
"70_7","nuc_2mer","NA","H7N9",0.861607142857143
"70_7","nuc_2mer","NA","H8N4",0.0131578947368421
"70_7","nuc_2mer","NA","H9N2",0.923076923076923
"70_7","nuc_3mer","NA","H10N8",0
"70_7","nuc_3mer","NA","H16N3",0.343396226415094
"70_7","nuc_3mer","NA","H3N8",0
"70_7","nuc_3mer","NA","H4N6",1
"70_7","nuc_3mer","NA","H4N8",1
"70_7","nuc_3mer","NA","H5N1",0
"70_7","nuc_3mer","NA","H5N6",0
"70_7","nuc_3mer","NA","H7N3",0
"70_7","nuc_3mer","NA","H7N4",0
"70_7","nuc_3mer","NA","H7N7",0
"70_7","nuc_3mer","NA","H7N9",0
"70_7","nuc_3mer","NA","H8N4",0.993421052631579
"70_7","nuc_3mer","NA","H9N2",0.461538461538462
"70_7","nuc_4mer","NA","H10N8",1
"70_7","nuc_4mer","NA","H16N3",0
"70_7","nuc_4mer","NA","H3N8",1
"70_7","nuc_4mer","NA","H4N6",0.00572655690765927
"70_7","nuc_4mer","NA","H4N8",0.00420168067226891
"70_7","nuc_4mer","NA","H5N1",0.868613138686131
"70_7","nuc_4mer","NA","H5N6",1
"70_7","nuc_4mer","NA","H7N3",0.5
"70_7","nuc_4mer","NA","H7N4",1
"70_7","nuc_4mer","NA","H7N7",1
"70_7","nuc_4mer","NA","H7N9",0.995535714285714
"70_7","nuc_4mer","NA","H8N4",0
"70_7","nuc_4mer","NA","H9N2",1
"70_7","nuc_5mer","NA","H10N8",0
"70_7","nuc_5mer","NA","H16N3",0.0188679245283019
"70_7","nuc_5mer","NA","H3N8",0
"70_7","nuc_5mer","NA","H4N6",0.405869720830351
"70_7","nuc_5mer","NA","H4N8",0.584033613445378
"70_7","nuc_5mer","NA","H5N1",0.0072992700729927
"70_7","nuc_5mer","NA","H5N6",0
"70_7","nuc_5mer","NA","H7N3",0
"70_7","nuc_5mer","NA","H7N4",0
"70_7","nuc_5mer","NA","H7N7",0
"70_7","nuc_5mer","NA","H7N9",0.912946428571429
"70_7","nuc_5mer","NA","H8N4",0.322368421052632
"70_7","nuc_5mer","NA","H9N2",0.307692307692308
"70_7","nuc_6mer","NA","H10N8",1
"70_7","nuc_6mer","NA","H16N3",0.875471698113208
"70_7","nuc_6mer","NA","H3N8",1
"70_7","nuc_6mer","NA","H4N6",0.0558339298496779
"70_7","nuc_6mer","NA","H4N8",0.205882352941176
"70_7","nuc_6mer","NA","H5N1",0.948905109489051
"70_7","nuc_6mer","NA","H5N6",0.833333333333333
"70_7","nuc_6mer","NA","H7N3",1
"70_7","nuc_6mer","NA","H7N4",0
"70_7","nuc_6mer","NA","H7N7",1
"70_7","nuc_6mer","NA","H7N9",0.720982142857143
"70_7","nuc_6mer","NA","H8N4",0.0460526315789474
"70_7","nuc_6mer","NA","H9N2",0.846153846153846
"70_7","prot_2mer","NA","H10N8",1
"70_7","prot_2mer","NA","H16N3",1
"70_7","prot_2mer","NA","H3N8",1
"70_7","prot_2mer","NA","H4N6",0.42806012884753
"70_7","prot_2mer","NA","H4N8",0.0504201680672269
"70_7","prot_2mer","NA","H5N1",0.153284671532847
"70_7","prot_2mer","NA","H5N6",0.583333333333333
"70_7","prot_2mer","NA","H7N3",0.5
"70_7","prot_2mer","NA","H7N4",0
"70_7","prot_2mer","NA","H7N7",0
"70_7","prot_2mer","NA","H7N9",0.796875
"70_7","prot_2mer","NA","H8N4",0
"70_7","prot_2mer","NA","H9N2",0.230769230769231
"70_7","prot_ctdc","NA","H10N8",0
"70_7","prot_ctdc","NA","H16N3",0.988679245283019
"70_7","prot_ctdc","NA","H3N8",0
"70_7","prot_ctdc","NA","H4N6",0.952040085898354
"70_7","prot_ctdc","NA","H4N8",0.991596638655462
"70_7","prot_ctdc","NA","H5N1",0.54014598540146
"70_7","prot_ctdc","NA","H5N6",0.5
"70_7","prot_ctdc","NA","H7N3",0
"70_7","prot_ctdc","NA","H7N4",0
"70_7","prot_ctdc","NA","H7N7",0
"70_7","prot_ctdc","NA","H7N9",0
"70_7","prot_ctdc","NA","H8N4",0.947368421052632
"70_7","prot_ctdc","NA","H9N2",0.0769230769230769
"70_7","prot_ctdd","NA","H10N8",0
"70_7","prot_ctdd","NA","H16N3",1
"70_7","prot_ctdd","NA","H3N8",0
"70_7","prot_ctdd","NA","H4N6",0.953471725125268
"70_7","prot_ctdd","NA","H4N8",0.995798319327731
"70_7","prot_ctdd","NA","H5N1",0.0072992700729927
"70_7","prot_ctdd","NA","H5N6",0
"70_7","prot_ctdd","NA","H7N3",0
"70_7","prot_ctdd","NA","H7N4",0
"70_7","prot_ctdd","NA","H7N7",0
"70_7","prot_ctdd","NA","H7N9",0
"70_7","prot_ctdd","NA","H8N4",0.993421052631579
"70_7","prot_ctdd","NA","H9N2",0
"70_7","prot_ctdt","NA","H10N8",0
"70_7","prot_ctdt","NA","H16N3",0.913207547169811
"70_7","prot_ctdt","NA","H3N8",0
"70_7","prot_ctdt","NA","H4N6",0.952040085898354
"70_7","prot_ctdt","NA","H4N8",0.995798319327731
"70_7","prot_ctdt","NA","H5N1",0.554744525547445
"70_7","prot_ctdt","NA","H5N6",0.5
"70_7","prot_ctdt","NA","H7N3",0
"70_7","prot_ctdt","NA","H7N4",0
"70_7","prot_ctdt","NA","H7N7",0
"70_7","prot_ctdt","NA","H7N9",0.772321428571429
"70_7","prot_ctdt","NA","H8N4",0.789473684210526
"70_7","prot_ctdt","NA","H9N2",0
"70_7","prot_ctriad","NA","H10N8",1
"70_7","prot_ctriad","NA","H16N3",0
"70_7","prot_ctriad","NA","H3N8",1
"70_7","prot_ctriad","NA","H4N6",0.783822476735863
"70_7","prot_ctriad","NA","H4N8",0.243697478991597
"70_7","prot_ctriad","NA","H5N1",0.824817518248175
"70_7","prot_ctriad","NA","H5N6",1
"70_7","prot_ctriad","NA","H7N3",1
"70_7","prot_ctriad","NA","H7N4",0
"70_7","prot_ctriad","NA","H7N7",0
"70_7","prot_ctriad","NA","H7N9",0.015625
"70_7","prot_ctriad","NA","H8N4",0.190789473684211
"70_7","prot_ctriad","NA","H9N2",0.153846153846154
"70_7","prot_pseaac","NA","H10N8",0
"70_7","prot_pseaac","NA","H16N3",0.988679245283019
"70_7","prot_pseaac","NA","H3N8",0
"70_7","prot_pseaac","NA","H4N6",0.860415175375805
"70_7","prot_pseaac","NA","H4N8",0.894957983193277
"70_7","prot_pseaac","NA","H5N1",0
"70_7","prot_pseaac","NA","H5N6",0.833333333333333
"70_7","prot_pseaac","NA","H7N3",0
"70_7","prot_pseaac","NA","H7N4",0
"70_7","prot_pseaac","NA","H7N7",0
"70_7","prot_pseaac","NA","H7N9",0.997767857142857
"70_7","prot_pseaac","NA","H8N4",0.0394736842105263
"70_7","prot_pseaac","NA","H9N2",0.0769230769230769
"70_7","cds_compbias","NP","H10N8",1
"70_7","cds_compbias","NP","H16N3",1
"70_7","cds_compbias","NP","H3N8",1
"70_7","cds_compbias","NP","H4N6",0.819613457408733
"70_7","cds_compbias","NP","H4N8",0.785714285714286
"70_7","cds_compbias","NP","H5N1",0.671532846715328
"70_7","cds_compbias","NP","H5N6",1
"70_7","cds_compbias","NP","H7N3",0
"70_7","cds_compbias","NP","H7N4",0
"70_7","cds_compbias","NP","H7N7",0
"70_7","cds_compbias","NP","H7N9",0.854910714285714
"70_7","cds_compbias","NP","H8N4",0.848684210526316
"70_7","cds_compbias","NP","H9N2",0.769230769230769
"70_7","nuc_2mer","NP","H10N8",1
"70_7","nuc_2mer","NP","H16N3",0.652830188679245
"70_7","nuc_2mer","NP","H3N8",1
"70_7","nuc_2mer","NP","H4N6",0.902648532569792
"70_7","nuc_2mer","NP","H4N8",0.920168067226891
"70_7","nuc_2mer","NP","H5N1",0.452554744525547
"70_7","nuc_2mer","NP","H5N6",0.916666666666667
"70_7","nuc_2mer","NP","H7N3",0
"70_7","nuc_2mer","NP","H7N4",0
"70_7","nuc_2mer","NP","H7N7",0
"70_7","nuc_2mer","NP","H7N9",0.973214285714286
"70_7","nuc_2mer","NP","H8N4",0.881578947368421
"70_7","nuc_2mer","NP","H9N2",0.846153846153846
"70_7","nuc_3mer","NP","H10N8",1
"70_7","nuc_3mer","NP","H16N3",0.845283018867925
"70_7","nuc_3mer","NP","H3N8",1
"70_7","nuc_3mer","NP","H4N6",0.798138869005011
"70_7","nuc_3mer","NP","H4N8",0.915966386554622
"70_7","nuc_3mer","NP","H5N1",0.839416058394161
"70_7","nuc_3mer","NP","H5N6",1
"70_7","nuc_3mer","NP","H7N3",0
"70_7","nuc_3mer","NP","H7N4",0
"70_7","nuc_3mer","NP","H7N7",0
"70_7","nuc_3mer","NP","H7N9",0.935267857142857
"70_7","nuc_3mer","NP","H8N4",0.730263157894737
"70_7","nuc_3mer","NP","H9N2",0.769230769230769
"70_7","nuc_4mer","NP","H10N8",1
"70_7","nuc_4mer","NP","H16N3",1
"70_7","nuc_4mer","NP","H3N8",1
"70_7","nuc_4mer","NP","H4N6",0.80386542591267
"70_7","nuc_4mer","NP","H4N8",0.840336134453782
"70_7","nuc_4mer","NP","H5N1",0.948905109489051
"70_7","nuc_4mer","NP","H5N6",0.916666666666667
"70_7","nuc_4mer","NP","H7N3",0
"70_7","nuc_4mer","NP","H7N4",0
"70_7","nuc_4mer","NP","H7N7",0
"70_7","nuc_4mer","NP","H7N9",0.90625
"70_7","nuc_4mer","NP","H8N4",0.848684210526316
"70_7","nuc_4mer","NP","H9N2",0.769230769230769
"70_7","nuc_5mer","NP","H10N8",1
"70_7","nuc_5mer","NP","H16N3",0.981132075471698
"70_7","nuc_5mer","NP","H3N8",1
"70_7","nuc_5mer","NP","H4N6",0.8453829634932
"70_7","nuc_5mer","NP","H4N8",0.966386554621849
"70_7","nuc_5mer","NP","H5N1",0.861313868613139
"70_7","nuc_5mer","NP","H5N6",0.75
"70_7","nuc_5mer","NP","H7N3",0
"70_7","nuc_5mer","NP","H7N4",0
"70_7","nuc_5mer","NP","H7N7",0
"70_7","nuc_5mer","NP","H7N9",0.926339285714286
"70_7","nuc_5mer","NP","H8N4",0.967105263157895
"70_7","nuc_5mer","NP","H9N2",0.692307692307692
"70_7","nuc_6mer","NP","H10N8",1
"70_7","nuc_6mer","NP","H16N3",0.943396226415094
"70_7","nuc_6mer","NP","H3N8",1
"70_7","nuc_6mer","NP","H4N6",0.812455261274159
"70_7","nuc_6mer","NP","H4N8",0.827731092436975
"70_7","nuc_6mer","NP","H5N1",0.474452554744526
"70_7","nuc_6mer","NP","H5N6",0.916666666666667
"70_7","nuc_6mer","NP","H7N3",0
"70_7","nuc_6mer","NP","H7N4",0
"70_7","nuc_6mer","NP","H7N7",1
"70_7","nuc_6mer","NP","H7N9",0.955357142857143
"70_7","nuc_6mer","NP","H8N4",0.855263157894737
"70_7","nuc_6mer","NP","H9N2",0.846153846153846
"70_7","prot_2mer","NP","H10N8",1
"70_7","prot_2mer","NP","H16N3",1
"70_7","prot_2mer","NP","H3N8",0.5
"70_7","prot_2mer","NP","H4N6",0.947029348604152
"70_7","prot_2mer","NP","H4N8",0.941176470588235
"70_7","prot_2mer","NP","H5N1",0.985401459854015
"70_7","prot_2mer","NP","H5N6",0.916666666666667
"70_7","prot_2mer","NP","H7N3",0
"70_7","prot_2mer","NP","H7N4",0
"70_7","prot_2mer","NP","H7N7",0
"70_7","prot_2mer","NP","H7N9",0.754464285714286
"70_7","prot_2mer","NP","H8N4",0.947368421052632
"70_7","prot_2mer","NP","H9N2",0.692307692307692
"70_7","prot_ctdc","NP","H10N8",1
"70_7","prot_ctdc","NP","H16N3",0.973584905660377
"70_7","prot_ctdc","NP","H3N8",0.5
"70_7","prot_ctdc","NP","H4N6",0.952040085898354
"70_7","prot_ctdc","NP","H4N8",0.911764705882353
"70_7","prot_ctdc","NP","H5N1",0.562043795620438
"70_7","prot_ctdc","NP","H5N6",0.916666666666667
"70_7","prot_ctdc","NP","H7N3",0
"70_7","prot_ctdc","NP","H7N4",0
"70_7","prot_ctdc","NP","H7N7",0
"70_7","prot_ctdc","NP","H7N9",1
"70_7","prot_ctdc","NP","H8N4",0.921052631578947
"70_7","prot_ctdc","NP","H9N2",0.384615384615385
"70_7","prot_ctdd","NP","H10N8",1
"70_7","prot_ctdd","NP","H16N3",1
"70_7","prot_ctdd","NP","H3N8",0.5
"70_7","prot_ctdd","NP","H4N6",0.91982820329277
"70_7","prot_ctdd","NP","H4N8",0.995798319327731
"70_7","prot_ctdd","NP","H5N1",0.240875912408759
"70_7","prot_ctdd","NP","H5N6",0.916666666666667
"70_7","prot_ctdd","NP","H7N3",0
"70_7","prot_ctdd","NP","H7N4",0
"70_7","prot_ctdd","NP","H7N7",0
"70_7","prot_ctdd","NP","H7N9",0.801339285714286
"70_7","prot_ctdd","NP","H8N4",0.822368421052632
"70_7","prot_ctdd","NP","H9N2",0.692307692307692
"70_7","prot_ctdt","NP","H10N8",1
"70_7","prot_ctdt","NP","H16N3",0.984905660377358
"70_7","prot_ctdt","NP","H3N8",1
"70_7","prot_ctdt","NP","H4N6",0.952040085898354
"70_7","prot_ctdt","NP","H4N8",0.987394957983193
"70_7","prot_ctdt","NP","H5N1",0.54014598540146
"70_7","prot_ctdt","NP","H5N6",0.583333333333333
"70_7","prot_ctdt","NP","H7N3",0
"70_7","prot_ctdt","NP","H7N4",0
"70_7","prot_ctdt","NP","H7N7",0
"70_7","prot_ctdt","NP","H7N9",0.84375
"70_7","prot_ctdt","NP","H8N4",0.947368421052632
"70_7","prot_ctdt","NP","H9N2",0.846153846153846
"70_7","prot_ctriad","NP","H10N8",1
"70_7","prot_ctriad","NP","H16N3",0.99622641509434
"70_7","prot_ctriad","NP","H3N8",0.5
"70_7","prot_ctriad","NP","H4N6",0.949176807444524
"70_7","prot_ctriad","NP","H4N8",1
"70_7","prot_ctriad","NP","H5N1",0.956204379562044
"70_7","prot_ctriad","NP","H5N6",0.916666666666667
"70_7","prot_ctriad","NP","H7N3",0
"70_7","prot_ctriad","NP","H7N4",0
"70_7","prot_ctriad","NP","H7N7",0
"70_7","prot_ctriad","NP","H7N9",0.633928571428571
"70_7","prot_ctriad","NP","H8N4",0.947368421052632
"70_7","prot_ctriad","NP","H9N2",0.538461538461538
"70_7","prot_pseaac","NP","H10N8",1
"70_7","prot_pseaac","NP","H16N3",0.611320754716981
"70_7","prot_pseaac","NP","H3N8",1
"70_7","prot_pseaac","NP","H4N6",0.928418038654259
"70_7","prot_pseaac","NP","H4N8",0.941176470588235
"70_7","prot_pseaac","NP","H5N1",0.715328467153285
"70_7","prot_pseaac","NP","H5N6",1
"70_7","prot_pseaac","NP","H7N3",0
"70_7","prot_pseaac","NP","H7N4",0
"70_7","prot_pseaac","NP","H7N7",0
"70_7","prot_pseaac","NP","H7N9",0.933035714285714
"70_7","prot_pseaac","NP","H8N4",0.934210526315789
"70_7","prot_pseaac","NP","H9N2",0.769230769230769
"70_7","cds_compbias","NS1","H10N8",1
"70_7","cds_compbias","NS1","H16N3",0.724528301886792
"70_7","cds_compbias","NS1","H3N8",0.5
"70_7","cds_compbias","NS1","H4N6",0.685755189692198
"70_7","cds_compbias","NS1","H4N8",0.798319327731092
"70_7","cds_compbias","NS1","H5N1",0.569343065693431
"70_7","cds_compbias","NS1","H5N6",1
"70_7","cds_compbias","NS1","H7N3",1
"70_7","cds_compbias","NS1","H7N4",0
"70_7","cds_compbias","NS1","H7N7",1
"70_7","cds_compbias","NS1","H7N9",0.859375
"70_7","cds_compbias","NS1","H8N4",0.625
"70_7","cds_compbias","NS1","H9N2",0.692307692307692
"70_7","nuc_2mer","NS1","H10N8",1
"70_7","nuc_2mer","NS1","H16N3",0.962264150943396
"70_7","nuc_2mer","NS1","H3N8",1
"70_7","nuc_2mer","NS1","H4N6",0.899785254115963
"70_7","nuc_2mer","NS1","H4N8",0.978991596638655
"70_7","nuc_2mer","NS1","H5N1",0.160583941605839
"70_7","nuc_2mer","NS1","H5N6",1
"70_7","nuc_2mer","NS1","H7N3",0.5
"70_7","nuc_2mer","NS1","H7N4",1
"70_7","nuc_2mer","NS1","H7N7",1
"70_7","nuc_2mer","NS1","H7N9",1
"70_7","nuc_2mer","NS1","H8N4",0.980263157894737
"70_7","nuc_2mer","NS1","H9N2",0.923076923076923
"70_7","nuc_3mer","NS1","H10N8",1
"70_7","nuc_3mer","NS1","H16N3",1
"70_7","nuc_3mer","NS1","H3N8",1
"70_7","nuc_3mer","NS1","H4N6",0.852541159627774
"70_7","nuc_3mer","NS1","H4N8",0.928571428571429
"70_7","nuc_3mer","NS1","H5N1",0.664233576642336
"70_7","nuc_3mer","NS1","H5N6",0.916666666666667
"70_7","nuc_3mer","NS1","H7N3",1
"70_7","nuc_3mer","NS1","H7N4",0
"70_7","nuc_3mer","NS1","H7N7",0
"70_7","nuc_3mer","NS1","H7N9",0.935267857142857
"70_7","nuc_3mer","NS1","H8N4",0.855263157894737
"70_7","nuc_3mer","NS1","H9N2",1
"70_7","nuc_4mer","NS1","H10N8",1
"70_7","nuc_4mer","NS1","H16N3",0.750943396226415
"70_7","nuc_4mer","NS1","H3N8",0.5
"70_7","nuc_4mer","NS1","H4N6",0.717251252684324
"70_7","nuc_4mer","NS1","H4N8",0.894957983193277
"70_7","nuc_4mer","NS1","H5N1",0.0875912408759124
"70_7","nuc_4mer","NS1","H5N6",1
"70_7","nuc_4mer","NS1","H7N3",0.5
"70_7","nuc_4mer","NS1","H7N4",1
"70_7","nuc_4mer","NS1","H7N7",1
"70_7","nuc_4mer","NS1","H7N9",0.910714285714286
"70_7","nuc_4mer","NS1","H8N4",0.828947368421053
"70_7","nuc_4mer","NS1","H9N2",0.923076923076923
"70_7","nuc_5mer","NS1","H10N8",1
"70_7","nuc_5mer","NS1","H16N3",0.777358490566038
"70_7","nuc_5mer","NS1","H3N8",1
"70_7","nuc_5mer","NS1","H4N6",0.930565497494631
"70_7","nuc_5mer","NS1","H4N8",0.987394957983193
"70_7","nuc_5mer","NS1","H5N1",0.0510948905109489
"70_7","nuc_5mer","NS1","H5N6",0.916666666666667
"70_7","nuc_5mer","NS1","H7N3",0.5
"70_7","nuc_5mer","NS1","H7N4",0
"70_7","nuc_5mer","NS1","H7N7",0
"70_7","nuc_5mer","NS1","H7N9",1
"70_7","nuc_5mer","NS1","H8N4",0.960526315789474
"70_7","nuc_5mer","NS1","H9N2",0.923076923076923
"70_7","nuc_6mer","NS1","H10N8",1
"70_7","nuc_6mer","NS1","H16N3",0.781132075471698
"70_7","nuc_6mer","NS1","H3N8",1
"70_7","nuc_6mer","NS1","H4N6",0.770221904080172
"70_7","nuc_6mer","NS1","H4N8",0.911764705882353
"70_7","nuc_6mer","NS1","H5N1",0.372262773722628
"70_7","nuc_6mer","NS1","H5N6",0.916666666666667
"70_7","nuc_6mer","NS1","H7N3",0
"70_7","nuc_6mer","NS1","H7N4",0
"70_7","nuc_6mer","NS1","H7N7",0
"70_7","nuc_6mer","NS1","H7N9",0.946428571428571
"70_7","nuc_6mer","NS1","H8N4",0.914473684210526
"70_7","nuc_6mer","NS1","H9N2",0.923076923076923
"70_7","prot_2mer","NS1","H10N8",1
"70_7","prot_2mer","NS1","H16N3",1
"70_7","prot_2mer","NS1","H3N8",0.5
"70_7","prot_2mer","NS1","H4N6",0.934860415175376
"70_7","prot_2mer","NS1","H4N8",0.945378151260504
"70_7","prot_2mer","NS1","H5N1",0.131386861313869
"70_7","prot_2mer","NS1","H5N6",1
"70_7","prot_2mer","NS1","H7N3",0
"70_7","prot_2mer","NS1","H7N4",0
"70_7","prot_2mer","NS1","H7N7",1
"70_7","prot_2mer","NS1","H7N9",0.986607142857143
"70_7","prot_2mer","NS1","H8N4",0.881578947368421
"70_7","prot_2mer","NS1","H9N2",0.615384615384615
"70_7","prot_ctdc","NS1","H10N8",0
"70_7","prot_ctdc","NS1","H16N3",0.988679245283019
"70_7","prot_ctdc","NS1","H3N8",0
"70_7","prot_ctdc","NS1","H4N6",0.952040085898354
"70_7","prot_ctdc","NS1","H4N8",0.991596638655462
"70_7","prot_ctdc","NS1","H5N1",0.54014598540146
"70_7","prot_ctdc","NS1","H5N6",0.5
"70_7","prot_ctdc","NS1","H7N3",0
"70_7","prot_ctdc","NS1","H7N4",0
"70_7","prot_ctdc","NS1","H7N7",0
"70_7","prot_ctdc","NS1","H7N9",1
"70_7","prot_ctdc","NS1","H8N4",0.947368421052632
"70_7","prot_ctdc","NS1","H9N2",0.846153846153846
"70_7","prot_ctdd","NS1","H10N8",0.5
"70_7","prot_ctdd","NS1","H16N3",0.766037735849057
"70_7","prot_ctdd","NS1","H3N8",0.5
"70_7","prot_ctdd","NS1","H4N6",0.86184681460272
"70_7","prot_ctdd","NS1","H4N8",0.894957983193277
"70_7","prot_ctdd","NS1","H5N1",0.255474452554745
"70_7","prot_ctdd","NS1","H5N6",0.75
"70_7","prot_ctdd","NS1","H7N3",0.5
"70_7","prot_ctdd","NS1","H7N4",0
"70_7","prot_ctdd","NS1","H7N7",0
"70_7","prot_ctdd","NS1","H7N9",0.785714285714286
"70_7","prot_ctdd","NS1","H8N4",0.921052631578947
"70_7","prot_ctdd","NS1","H9N2",0.769230769230769
"70_7","prot_ctdt","NS1","H10N8",0
"70_7","prot_ctdt","NS1","H16N3",0.988679245283019
"70_7","prot_ctdt","NS1","H3N8",0
"70_7","prot_ctdt","NS1","H4N6",0.943450250536865
"70_7","prot_ctdt","NS1","H4N8",0.932773109243697
"70_7","prot_ctdt","NS1","H5N1",0.583941605839416
"70_7","prot_ctdt","NS1","H5N6",0.583333333333333
"70_7","prot_ctdt","NS1","H7N3",0
"70_7","prot_ctdt","NS1","H7N4",0
"70_7","prot_ctdt","NS1","H7N7",0
"70_7","prot_ctdt","NS1","H7N9",0.832589285714286
"70_7","prot_ctdt","NS1","H8N4",0.723684210526316
"70_7","prot_ctdt","NS1","H9N2",0.615384615384615
"70_7","prot_ctriad","NS1","H10N8",1
"70_7","prot_ctriad","NS1","H16N3",0.950943396226415
"70_7","prot_ctriad","NS1","H3N8",1
"70_7","prot_ctriad","NS1","H4N6",0.952040085898354
"70_7","prot_ctriad","NS1","H4N8",1
"70_7","prot_ctriad","NS1","H5N1",0.0437956204379562
"70_7","prot_ctriad","NS1","H5N6",0.916666666666667
"70_7","prot_ctriad","NS1","H7N3",0
"70_7","prot_ctriad","NS1","H7N4",0
"70_7","prot_ctriad","NS1","H7N7",0
"70_7","prot_ctriad","NS1","H7N9",0.774553571428571
"70_7","prot_ctriad","NS1","H8N4",1
"70_7","prot_ctriad","NS1","H9N2",0.846153846153846
"70_7","prot_pseaac","NS1","H10N8",1
"70_7","prot_pseaac","NS1","H16N3",0.988679245283019
"70_7","prot_pseaac","NS1","H3N8",1
"70_7","prot_pseaac","NS1","H4N6",0.935576234788833
"70_7","prot_pseaac","NS1","H4N8",0.978991596638655
"70_7","prot_pseaac","NS1","H5N1",0.145985401459854
"70_7","prot_pseaac","NS1","H5N6",0.916666666666667
"70_7","prot_pseaac","NS1","H7N3",0
"70_7","prot_pseaac","NS1","H7N4",1
"70_7","prot_pseaac","NS1","H7N7",0
"70_7","prot_pseaac","NS1","H7N9",0.852678571428571
"70_7","prot_pseaac","NS1","H8N4",1
"70_7","prot_pseaac","NS1","H9N2",0.846153846153846
"70_7","cds_compbias","PA","H10N8",1
"70_7","cds_compbias","PA","H16N3",0.369811320754717
"70_7","cds_compbias","PA","H3N8",1
"70_7","cds_compbias","PA","H4N6",0.722977809591983
"70_7","cds_compbias","PA","H4N8",0.878151260504202
"70_7","cds_compbias","PA","H5N1",0.45985401459854
"70_7","cds_compbias","PA","H5N6",0.833333333333333
"70_7","cds_compbias","PA","H7N3",0.5
"70_7","cds_compbias","PA","H7N4",1
"70_7","cds_compbias","PA","H7N7",1
"70_7","cds_compbias","PA","H7N9",0.839285714285714
"70_7","cds_compbias","PA","H8N4",0.809210526315789
"70_7","cds_compbias","PA","H9N2",1
"70_7","nuc_2mer","PA","H10N8",1
"70_7","nuc_2mer","PA","H16N3",0.49811320754717
"70_7","nuc_2mer","PA","H3N8",1
"70_7","nuc_2mer","PA","H4N6",0.770937723693629
"70_7","nuc_2mer","PA","H4N8",0.96218487394958
"70_7","nuc_2mer","PA","H5N1",0.0072992700729927
"70_7","nuc_2mer","PA","H5N6",0.583333333333333
"70_7","nuc_2mer","PA","H7N3",0
"70_7","nuc_2mer","PA","H7N4",1
"70_7","nuc_2mer","PA","H7N7",0
"70_7","nuc_2mer","PA","H7N9",0.658482142857143
"70_7","nuc_2mer","PA","H8N4",0.960526315789474
"70_7","nuc_2mer","PA","H9N2",0.692307692307692
"70_7","nuc_3mer","PA","H10N8",1
"70_7","nuc_3mer","PA","H16N3",0
"70_7","nuc_3mer","PA","H3N8",1
"70_7","nuc_3mer","PA","H4N6",0.753758052970651
"70_7","nuc_3mer","PA","H4N8",0.760504201680672
"70_7","nuc_3mer","PA","H5N1",0.167883211678832
"70_7","nuc_3mer","PA","H5N6",0.916666666666667
"70_7","nuc_3mer","PA","H7N3",0.5
"70_7","nuc_3mer","PA","H7N4",1
"70_7","nuc_3mer","PA","H7N7",1
"70_7","nuc_3mer","PA","H7N9",0.9375
"70_7","nuc_3mer","PA","H8N4",0.723684210526316
"70_7","nuc_3mer","PA","H9N2",1
"70_7","nuc_4mer","PA","H10N8",1
"70_7","nuc_4mer","PA","H16N3",0.494339622641509
"70_7","nuc_4mer","PA","H3N8",1
"70_7","nuc_4mer","PA","H4N6",0.203292770221904
"70_7","nuc_4mer","PA","H4N8",0.184873949579832
"70_7","nuc_4mer","PA","H5N1",0.693430656934307
"70_7","nuc_4mer","PA","H5N6",1
"70_7","nuc_4mer","PA","H7N3",1
"70_7","nuc_4mer","PA","H7N4",1
"70_7","nuc_4mer","PA","H7N7",1
"70_7","nuc_4mer","PA","H7N9",0.825892857142857
"70_7","nuc_4mer","PA","H8N4",0.223684210526316
"70_7","nuc_4mer","PA","H9N2",1
"70_7","nuc_5mer","PA","H10N8",1
"70_7","nuc_5mer","PA","H16N3",0.871698113207547
"70_7","nuc_5mer","PA","H3N8",1
"70_7","nuc_5mer","PA","H4N6",0.488188976377953
"70_7","nuc_5mer","PA","H4N8",0.584033613445378
"70_7","nuc_5mer","PA","H5N1",0.532846715328467
"70_7","nuc_5mer","PA","H5N6",1
"70_7","nuc_5mer","PA","H7N3",0.5
"70_7","nuc_5mer","PA","H7N4",1
"70_7","nuc_5mer","PA","H7N7",1
"70_7","nuc_5mer","PA","H7N9",0.799107142857143
"70_7","nuc_5mer","PA","H8N4",0.585526315789474
"70_7","nuc_5mer","PA","H9N2",0.846153846153846
"70_7","nuc_6mer","PA","H10N8",1
"70_7","nuc_6mer","PA","H16N3",0.233962264150943
"70_7","nuc_6mer","PA","H3N8",1
"70_7","nuc_6mer","PA","H4N6",0.735862562634216
"70_7","nuc_6mer","PA","H4N8",0.798319327731092
"70_7","nuc_6mer","PA","H5N1",0.335766423357664
"70_7","nuc_6mer","PA","H5N6",0.916666666666667
"70_7","nuc_6mer","PA","H7N3",0
"70_7","nuc_6mer","PA","H7N4",0
"70_7","nuc_6mer","PA","H7N7",1
"70_7","nuc_6mer","PA","H7N9",0.397321428571429
"70_7","nuc_6mer","PA","H8N4",0.598684210526316
"70_7","nuc_6mer","PA","H9N2",0.923076923076923
"70_7","prot_2mer","PA","H10N8",1
"70_7","prot_2mer","PA","H16N3",0.584905660377358
"70_7","prot_2mer","PA","H3N8",1
"70_7","prot_2mer","PA","H4N6",0.775948460987831
"70_7","prot_2mer","PA","H4N8",0.840336134453782
"70_7","prot_2mer","PA","H5N1",0.481751824817518
"70_7","prot_2mer","PA","H5N6",0.75
"70_7","prot_2mer","PA","H7N3",1
"70_7","prot_2mer","PA","H7N4",0
"70_7","prot_2mer","PA","H7N7",0
"70_7","prot_2mer","PA","H7N9",0.756696428571429
"70_7","prot_2mer","PA","H8N4",0.875
"70_7","prot_2mer","PA","H9N2",1
"70_7","prot_ctdc","PA","H10N8",1
"70_7","prot_ctdc","PA","H16N3",0
"70_7","prot_ctdc","PA","H3N8",1
"70_7","prot_ctdc","PA","H4N6",0.952040085898354
"70_7","prot_ctdc","PA","H4N8",0.991596638655462
"70_7","prot_ctdc","PA","H5N1",1
"70_7","prot_ctdc","PA","H5N6",1
"70_7","prot_ctdc","PA","H7N3",0
"70_7","prot_ctdc","PA","H7N4",1
"70_7","prot_ctdc","PA","H7N7",1
"70_7","prot_ctdc","PA","H7N9",0.997767857142857
"70_7","prot_ctdc","PA","H8N4",0
"70_7","prot_ctdc","PA","H9N2",0.769230769230769
"70_7","prot_ctdd","PA","H10N8",1
"70_7","prot_ctdd","PA","H16N3",0.984905660377358
"70_7","prot_ctdd","PA","H3N8",0
"70_7","prot_ctdd","PA","H4N6",0.964924838940587
"70_7","prot_ctdd","PA","H4N8",0.991596638655462
"70_7","prot_ctdd","PA","H5N1",0.0291970802919708
"70_7","prot_ctdd","PA","H5N6",0.75
"70_7","prot_ctdd","PA","H7N3",0
"70_7","prot_ctdd","PA","H7N4",0
"70_7","prot_ctdd","PA","H7N7",0
"70_7","prot_ctdd","PA","H7N9",1
"70_7","prot_ctdd","PA","H8N4",0.960526315789474
"70_7","prot_ctdd","PA","H9N2",0.692307692307692
"70_7","prot_ctdt","PA","H10N8",0
"70_7","prot_ctdt","PA","H16N3",0.973584905660377
"70_7","prot_ctdt","PA","H3N8",0
"70_7","prot_ctdt","PA","H4N6",0.952040085898354
"70_7","prot_ctdt","PA","H4N8",0.987394957983193
"70_7","prot_ctdt","PA","H5N1",0.54014598540146
"70_7","prot_ctdt","PA","H5N6",0.583333333333333
"70_7","prot_ctdt","PA","H7N3",0
"70_7","prot_ctdt","PA","H7N4",0
"70_7","prot_ctdt","PA","H7N7",0
"70_7","prot_ctdt","PA","H7N9",1
"70_7","prot_ctdt","PA","H8N4",0.947368421052632
"70_7","prot_ctdt","PA","H9N2",0.769230769230769
"70_7","prot_ctriad","PA","H10N8",1
"70_7","prot_ctriad","PA","H16N3",0.99622641509434
"70_7","prot_ctriad","PA","H3N8",1
"70_7","prot_ctriad","PA","H4N6",0.952040085898354
"70_7","prot_ctriad","PA","H4N8",0.970588235294118
"70_7","prot_ctriad","PA","H5N1",0.0072992700729927
"70_7","prot_ctriad","PA","H5N6",0.75
"70_7","prot_ctriad","PA","H7N3",0
"70_7","prot_ctriad","PA","H7N4",0
"70_7","prot_ctriad","PA","H7N7",0
"70_7","prot_ctriad","PA","H7N9",1
"70_7","prot_ctriad","PA","H8N4",0.986842105263158
"70_7","prot_ctriad","PA","H9N2",0.461538461538462
"70_7","prot_pseaac","PA","H10N8",1
"70_7","prot_pseaac","PA","H16N3",0.988679245283019
"70_7","prot_pseaac","PA","H3N8",1
"70_7","prot_pseaac","PA","H4N6",0.94201861130995
"70_7","prot_pseaac","PA","H4N8",0.970588235294118
"70_7","prot_pseaac","PA","H5N1",0.343065693430657
"70_7","prot_pseaac","PA","H5N6",0.75
"70_7","prot_pseaac","PA","H7N3",0
"70_7","prot_pseaac","PA","H7N4",0
"70_7","prot_pseaac","PA","H7N7",0
"70_7","prot_pseaac","PA","H7N9",1
"70_7","prot_pseaac","PA","H8N4",0.940789473684211
"70_7","prot_pseaac","PA","H9N2",0.769230769230769
"70_7","cds_compbias","PB1","H10N8",1
"70_7","cds_compbias","PB1","H16N3",0.845283018867925
"70_7","cds_compbias","PB1","H3N8",1
"70_7","cds_compbias","PB1","H4N6",0.743736578382248
"70_7","cds_compbias","PB1","H4N8",0.781512605042017
"70_7","cds_compbias","PB1","H5N1",0.204379562043796
"70_7","cds_compbias","PB1","H5N6",0.833333333333333
"70_7","cds_compbias","PB1","H7N3",0
"70_7","cds_compbias","PB1","H7N4",0
"70_7","cds_compbias","PB1","H7N7",0
"70_7","cds_compbias","PB1","H7N9",0.845982142857143
"70_7","cds_compbias","PB1","H8N4",0.763157894736842
"70_7","cds_compbias","PB1","H9N2",0.923076923076923
"70_7","nuc_2mer","PB1","H10N8",1
"70_7","nuc_2mer","PB1","H16N3",0.89811320754717
"70_7","nuc_2mer","PB1","H3N8",1
"70_7","nuc_2mer","PB1","H4N6",0.949892627057981
"70_7","nuc_2mer","PB1","H4N8",0.978991596638655
"70_7","nuc_2mer","PB1","H5N1",0.0072992700729927
"70_7","nuc_2mer","PB1","H5N6",0.916666666666667
"70_7","nuc_2mer","PB1","H7N3",0
"70_7","nuc_2mer","PB1","H7N4",0
"70_7","nuc_2mer","PB1","H7N7",0
"70_7","nuc_2mer","PB1","H7N9",0.948660714285714
"70_7","nuc_2mer","PB1","H8N4",0.980263157894737
"70_7","nuc_2mer","PB1","H9N2",0.615384615384615
"70_7","nuc_3mer","PB1","H10N8",1
"70_7","nuc_3mer","PB1","H16N3",0.845283018867925
"70_7","nuc_3mer","PB1","H3N8",1
"70_7","nuc_3mer","PB1","H4N6",0.856120257695061
"70_7","nuc_3mer","PB1","H4N8",0.936974789915966
"70_7","nuc_3mer","PB1","H5N1",0.211678832116788
"70_7","nuc_3mer","PB1","H5N6",0.833333333333333
"70_7","nuc_3mer","PB1","H7N3",0
"70_7","nuc_3mer","PB1","H7N4",0
"70_7","nuc_3mer","PB1","H7N7",0
"70_7","nuc_3mer","PB1","H7N9",0.984375
"70_7","nuc_3mer","PB1","H8N4",0.875
"70_7","nuc_3mer","PB1","H9N2",0.923076923076923
"70_7","nuc_4mer","PB1","H10N8",1
"70_7","nuc_4mer","PB1","H16N3",0.826415094339623
"70_7","nuc_4mer","PB1","H3N8",1
"70_7","nuc_4mer","PB1","H4N6",0.850393700787402
"70_7","nuc_4mer","PB1","H4N8",0.701680672268908
"70_7","nuc_4mer","PB1","H5N1",0.0510948905109489
"70_7","nuc_4mer","PB1","H5N6",0.916666666666667
"70_7","nuc_4mer","PB1","H7N3",0
"70_7","nuc_4mer","PB1","H7N4",1
"70_7","nuc_4mer","PB1","H7N7",0
"70_7","nuc_4mer","PB1","H7N9",0.935267857142857
"70_7","nuc_4mer","PB1","H8N4",0.506578947368421
"70_7","nuc_4mer","PB1","H9N2",0.923076923076923
"70_7","nuc_5mer","PB1","H10N8",1
"70_7","nuc_5mer","PB1","H16N3",0.664150943396226
"70_7","nuc_5mer","PB1","H3N8",1
"70_7","nuc_5mer","PB1","H4N6",0.705082319255548
"70_7","nuc_5mer","PB1","H4N8",0.978991596638655
"70_7","nuc_5mer","PB1","H5N1",0.576642335766423
"70_7","nuc_5mer","PB1","H5N6",0.583333333333333
"70_7","nuc_5mer","PB1","H7N3",0
"70_7","nuc_5mer","PB1","H7N4",0
"70_7","nuc_5mer","PB1","H7N7",1
"70_7","nuc_5mer","PB1","H7N9",0.776785714285714
"70_7","nuc_5mer","PB1","H8N4",0.960526315789474
"70_7","nuc_5mer","PB1","H9N2",0.846153846153846
"70_7","nuc_6mer","PB1","H10N8",1
"70_7","nuc_6mer","PB1","H16N3",0.732075471698113
"70_7","nuc_6mer","PB1","H3N8",0.5
"70_7","nuc_6mer","PB1","H4N6",0.901216893342878
"70_7","nuc_6mer","PB1","H4N8",0.945378151260504
"70_7","nuc_6mer","PB1","H5N1",0.102189781021898
"70_7","nuc_6mer","PB1","H5N6",0.583333333333333
"70_7","nuc_6mer","PB1","H7N3",0
"70_7","nuc_6mer","PB1","H7N4",0
"70_7","nuc_6mer","PB1","H7N7",0
"70_7","nuc_6mer","PB1","H7N9",0.953125
"70_7","nuc_6mer","PB1","H8N4",0.901315789473684
"70_7","nuc_6mer","PB1","H9N2",1
"70_7","prot_2mer","PB1","H10N8",1
"70_7","prot_2mer","PB1","H16N3",0.920754716981132
"70_7","prot_2mer","PB1","H3N8",0.5
"70_7","prot_2mer","PB1","H4N6",0.871152469577666
"70_7","prot_2mer","PB1","H4N8",0.890756302521008
"70_7","prot_2mer","PB1","H5N1",0.0802919708029197
"70_7","prot_2mer","PB1","H5N6",0.666666666666667
"70_7","prot_2mer","PB1","H7N3",0
"70_7","prot_2mer","PB1","H7N4",1
"70_7","prot_2mer","PB1","H7N7",0
"70_7","prot_2mer","PB1","H7N9",0.973214285714286
"70_7","prot_2mer","PB1","H8N4",0.842105263157895
"70_7","prot_2mer","PB1","H9N2",0.923076923076923
"70_7","prot_ctdc","PB1","H10N8",0
"70_7","prot_ctdc","PB1","H16N3",0.981132075471698
"70_7","prot_ctdc","PB1","H3N8",0.5
"70_7","prot_ctdc","PB1","H4N6",0.949176807444524
"70_7","prot_ctdc","PB1","H4N8",0.949579831932773
"70_7","prot_ctdc","PB1","H5N1",0.54014598540146
"70_7","prot_ctdc","PB1","H5N6",0.583333333333333
"70_7","prot_ctdc","PB1","H7N3",0
"70_7","prot_ctdc","PB1","H7N4",0
"70_7","prot_ctdc","PB1","H7N7",0
"70_7","prot_ctdc","PB1","H7N9",0.997767857142857
"70_7","prot_ctdc","PB1","H8N4",0.940789473684211
"70_7","prot_ctdc","PB1","H9N2",0.230769230769231
"70_7","prot_ctdd","PB1","H10N8",1
"70_7","prot_ctdd","PB1","H16N3",0.984905660377358
"70_7","prot_ctdd","PB1","H3N8",1
"70_7","prot_ctdd","PB1","H4N6",0.937007874015748
"70_7","prot_ctdd","PB1","H4N8",0.991596638655462
"70_7","prot_ctdd","PB1","H5N1",0.642335766423358
"70_7","prot_ctdd","PB1","H5N6",0.75
"70_7","prot_ctdd","PB1","H7N3",0
"70_7","prot_ctdd","PB1","H7N4",0
"70_7","prot_ctdd","PB1","H7N7",0
"70_7","prot_ctdd","PB1","H7N9",0.560267857142857
"70_7","prot_ctdd","PB1","H8N4",1
"70_7","prot_ctdd","PB1","H9N2",0.615384615384615
"70_7","prot_ctdt","PB1","H10N8",1
"70_7","prot_ctdt","PB1","H16N3",0.883018867924528
"70_7","prot_ctdt","PB1","H3N8",1
"70_7","prot_ctdt","PB1","H4N6",0.949892627057981
"70_7","prot_ctdt","PB1","H4N8",0.978991596638655
"70_7","prot_ctdt","PB1","H5N1",0.54014598540146
"70_7","prot_ctdt","PB1","H5N6",0.583333333333333
"70_7","prot_ctdt","PB1","H7N3",0
"70_7","prot_ctdt","PB1","H7N4",0
"70_7","prot_ctdt","PB1","H7N7",0
"70_7","prot_ctdt","PB1","H7N9",1
"70_7","prot_ctdt","PB1","H8N4",0.940789473684211
"70_7","prot_ctdt","PB1","H9N2",0.615384615384615
"70_7","prot_ctriad","PB1","H10N8",1
"70_7","prot_ctriad","PB1","H16N3",0.905660377358491
"70_7","prot_ctriad","PB1","H3N8",1
"70_7","prot_ctriad","PB1","H4N6",0.934860415175376
"70_7","prot_ctriad","PB1","H4N8",0.983193277310924
"70_7","prot_ctriad","PB1","H5N1",0.255474452554745
"70_7","prot_ctriad","PB1","H5N6",0.833333333333333
"70_7","prot_ctriad","PB1","H7N3",0
"70_7","prot_ctriad","PB1","H7N4",0
"70_7","prot_ctriad","PB1","H7N7",0
"70_7","prot_ctriad","PB1","H7N9",0.819196428571429
"70_7","prot_ctriad","PB1","H8N4",1
"70_7","prot_ctriad","PB1","H9N2",0.538461538461538
"70_7","prot_pseaac","PB1","H10N8",1
"70_7","prot_pseaac","PB1","H16N3",0.988679245283019
"70_7","prot_pseaac","PB1","H3N8",1
"70_7","prot_pseaac","PB1","H4N6",0.952040085898354
"70_7","prot_pseaac","PB1","H4N8",0.987394957983193
"70_7","prot_pseaac","PB1","H5N1",0.54014598540146
"70_7","prot_pseaac","PB1","H5N6",0.583333333333333
"70_7","prot_pseaac","PB1","H7N3",0
"70_7","prot_pseaac","PB1","H7N4",0
"70_7","prot_pseaac","PB1","H7N7",0
"70_7","prot_pseaac","PB1","H7N9",1
"70_7","prot_pseaac","PB1","H8N4",0.947368421052632
"70_7","prot_pseaac","PB1","H9N2",0.615384615384615
"70_7","cds_compbias","PB2","H10N8",1
"70_7","cds_compbias","PB2","H16N3",0.818867924528302
"70_7","cds_compbias","PB2","H3N8",1
"70_7","cds_compbias","PB2","H4N6",0.913385826771654
"70_7","cds_compbias","PB2","H4N8",0.966386554621849
"70_7","cds_compbias","PB2","H5N1",0.226277372262774
"70_7","cds_compbias","PB2","H5N6",0.833333333333333
"70_7","cds_compbias","PB2","H7N3",0
"70_7","cds_compbias","PB2","H7N4",0
"70_7","cds_compbias","PB2","H7N7",1
"70_7","cds_compbias","PB2","H7N9",0.997767857142857
"70_7","cds_compbias","PB2","H8N4",0.960526315789474
"70_7","cds_compbias","PB2","H9N2",1
"70_7","nuc_2mer","PB2","H10N8",1
"70_7","nuc_2mer","PB2","H16N3",0.264150943396226
"70_7","nuc_2mer","PB2","H3N8",1
"70_7","nuc_2mer","PB2","H4N6",0.690050107372942
"70_7","nuc_2mer","PB2","H4N8",0.680672268907563
"70_7","nuc_2mer","PB2","H5N1",0.153284671532847
"70_7","nuc_2mer","PB2","H5N6",0.833333333333333
"70_7","nuc_2mer","PB2","H7N3",0
"70_7","nuc_2mer","PB2","H7N4",0
"70_7","nuc_2mer","PB2","H7N7",1
"70_7","nuc_2mer","PB2","H7N9",0.772321428571429
"70_7","nuc_2mer","PB2","H8N4",0.769736842105263
"70_7","nuc_2mer","PB2","H9N2",1
"70_7","nuc_3mer","PB2","H10N8",1
"70_7","nuc_3mer","PB2","H16N3",0.837735849056604
"70_7","nuc_3mer","PB2","H3N8",0.5
"70_7","nuc_3mer","PB2","H4N6",0.881889763779528
"70_7","nuc_3mer","PB2","H4N8",0.96218487394958
"70_7","nuc_3mer","PB2","H5N1",0.27007299270073
"70_7","nuc_3mer","PB2","H5N6",0.75
"70_7","nuc_3mer","PB2","H7N3",0
"70_7","nuc_3mer","PB2","H7N4",0
"70_7","nuc_3mer","PB2","H7N7",0
"70_7","nuc_3mer","PB2","H7N9",1
"70_7","nuc_3mer","PB2","H8N4",0.901315789473684
"70_7","nuc_3mer","PB2","H9N2",0.769230769230769
"70_7","nuc_4mer","PB2","H10N8",1
"70_7","nuc_4mer","PB2","H16N3",0.750943396226415
"70_7","nuc_4mer","PB2","H3N8",0.5
"70_7","nuc_4mer","PB2","H4N6",0.808876163206872
"70_7","nuc_4mer","PB2","H4N8",0.861344537815126
"70_7","nuc_4mer","PB2","H5N1",0.131386861313869
"70_7","nuc_4mer","PB2","H5N6",0.833333333333333
"70_7","nuc_4mer","PB2","H7N3",0
"70_7","nuc_4mer","PB2","H7N4",0
"70_7","nuc_4mer","PB2","H7N7",0
"70_7","nuc_4mer","PB2","H7N9",0.955357142857143
"70_7","nuc_4mer","PB2","H8N4",0.763157894736842
"70_7","nuc_4mer","PB2","H9N2",0.846153846153846
"70_7","nuc_5mer","PB2","H10N8",1
"70_7","nuc_5mer","PB2","H16N3",0.920754716981132
"70_7","nuc_5mer","PB2","H3N8",0.5
"70_7","nuc_5mer","PB2","H4N6",0.960629921259842
"70_7","nuc_5mer","PB2","H4N8",0.899159663865546
"70_7","nuc_5mer","PB2","H5N1",0.124087591240876
"70_7","nuc_5mer","PB2","H5N6",0.75
"70_7","nuc_5mer","PB2","H7N3",0
"70_7","nuc_5mer","PB2","H7N4",0
"70_7","nuc_5mer","PB2","H7N7",0
"70_7","nuc_5mer","PB2","H7N9",1
"70_7","nuc_5mer","PB2","H8N4",0.940789473684211
"70_7","nuc_5mer","PB2","H9N2",0.846153846153846
"70_7","nuc_6mer","PB2","H10N8",1
"70_7","nuc_6mer","PB2","H16N3",0.490566037735849
"70_7","nuc_6mer","PB2","H3N8",1
"70_7","nuc_6mer","PB2","H4N6",0.894774516821761
"70_7","nuc_6mer","PB2","H4N8",0.92436974789916
"70_7","nuc_6mer","PB2","H5N1",0.124087591240876
"70_7","nuc_6mer","PB2","H5N6",0.75
"70_7","nuc_6mer","PB2","H7N3",0
"70_7","nuc_6mer","PB2","H7N4",0
"70_7","nuc_6mer","PB2","H7N7",0
"70_7","nuc_6mer","PB2","H7N9",0.957589285714286
"70_7","nuc_6mer","PB2","H8N4",0.934210526315789
"70_7","nuc_6mer","PB2","H9N2",0.769230769230769
"70_7","prot_2mer","PB2","H10N8",1
"70_7","prot_2mer","PB2","H16N3",0.984905660377358
"70_7","prot_2mer","PB2","H3N8",1
"70_7","prot_2mer","PB2","H4N6",0.94488188976378
"70_7","prot_2mer","PB2","H4N8",0.945378151260504
"70_7","prot_2mer","PB2","H5N1",0.569343065693431
"70_7","prot_2mer","PB2","H5N6",0.833333333333333
"70_7","prot_2mer","PB2","H7N3",0
"70_7","prot_2mer","PB2","H7N4",1
"70_7","prot_2mer","PB2","H7N7",0
"70_7","prot_2mer","PB2","H7N9",1
"70_7","prot_2mer","PB2","H8N4",0.875
"70_7","prot_2mer","PB2","H9N2",0.615384615384615
"70_7","prot_ctdc","PB2","H10N8",0
"70_7","prot_ctdc","PB2","H16N3",0.988679245283019
"70_7","prot_ctdc","PB2","H3N8",0.5
"70_7","prot_ctdc","PB2","H4N6",0.951324266284896
"70_7","prot_ctdc","PB2","H4N8",0.991596638655462
"70_7","prot_ctdc","PB2","H5N1",0.54014598540146
"70_7","prot_ctdc","PB2","H5N6",0.5
"70_7","prot_ctdc","PB2","H7N3",0
"70_7","prot_ctdc","PB2","H7N4",0
"70_7","prot_ctdc","PB2","H7N7",0
"70_7","prot_ctdc","PB2","H7N9",1
"70_7","prot_ctdc","PB2","H8N4",0.947368421052632
"70_7","prot_ctdc","PB2","H9N2",0.769230769230769
"70_7","prot_ctdd","PB2","H10N8",0
"70_7","prot_ctdd","PB2","H16N3",0.664150943396226
"70_7","prot_ctdd","PB2","H3N8",1
"70_7","prot_ctdd","PB2","H4N6",0.920544022906228
"70_7","prot_ctdd","PB2","H4N8",0.907563025210084
"70_7","prot_ctdd","PB2","H5N1",0.591240875912409
"70_7","prot_ctdd","PB2","H5N6",0.75
"70_7","prot_ctdd","PB2","H7N3",0
"70_7","prot_ctdd","PB2","H7N4",0
"70_7","prot_ctdd","PB2","H7N7",0
"70_7","prot_ctdd","PB2","H7N9",0.979910714285714
"70_7","prot_ctdd","PB2","H8N4",0.927631578947368
"70_7","prot_ctdd","PB2","H9N2",0.615384615384615
"70_7","prot_ctdt","PB2","H10N8",1
"70_7","prot_ctdt","PB2","H16N3",0.988679245283019
"70_7","prot_ctdt","PB2","H3N8",1
"70_7","prot_ctdt","PB2","H4N6",0.950608446671439
"70_7","prot_ctdt","PB2","H4N8",0.983193277310924
"70_7","prot_ctdt","PB2","H5N1",0.54014598540146
"70_7","prot_ctdt","PB2","H5N6",0.583333333333333
"70_7","prot_ctdt","PB2","H7N3",0
"70_7","prot_ctdt","PB2","H7N4",0
"70_7","prot_ctdt","PB2","H7N7",0
"70_7","prot_ctdt","PB2","H7N9",1
"70_7","prot_ctdt","PB2","H8N4",0.947368421052632
"70_7","prot_ctdt","PB2","H9N2",0.692307692307692
"70_7","prot_ctriad","PB2","H10N8",1
"70_7","prot_ctriad","PB2","H16N3",0.992452830188679
"70_7","prot_ctriad","PB2","H3N8",1
"70_7","prot_ctriad","PB2","H4N6",0.907659269863994
"70_7","prot_ctriad","PB2","H4N8",0.957983193277311
"70_7","prot_ctriad","PB2","H5N1",0.496350364963504
"70_7","prot_ctriad","PB2","H5N6",0.833333333333333
"70_7","prot_ctriad","PB2","H7N3",0
"70_7","prot_ctriad","PB2","H7N4",1
"70_7","prot_ctriad","PB2","H7N7",1
"70_7","prot_ctriad","PB2","H7N9",0.948660714285714
"70_7","prot_ctriad","PB2","H8N4",0.888157894736842
"70_7","prot_ctriad","PB2","H9N2",0.692307692307692
"70_7","prot_pseaac","PB2","H10N8",1
"70_7","prot_pseaac","PB2","H16N3",0.932075471698113
"70_7","prot_pseaac","PB2","H3N8",0.5
"70_7","prot_pseaac","PB2","H4N6",0.94201861130995
"70_7","prot_pseaac","PB2","H4N8",0.957983193277311
"70_7","prot_pseaac","PB2","H5N1",0.218978102189781
"70_7","prot_pseaac","PB2","H5N6",0.833333333333333
"70_7","prot_pseaac","PB2","H7N3",0
"70_7","prot_pseaac","PB2","H7N4",1
"70_7","prot_pseaac","PB2","H7N7",0
"70_7","prot_pseaac","PB2","H7N9",1
"70_7","prot_pseaac","PB2","H8N4",0.907894736842105
"70_7","prot_pseaac","PB2","H9N2",0.692307692307692
